Functional,cookiePreferences
Functional,CookieConsent
Functional,CookieConsentBulkTicket
Functional,userlang
Functional,cookieconsent_variant
Functional,cookieconsent_system
Functional,cookieconsent_level
Functional,cookieconsent_seen
Functional,CookieConsent
Analytics,_ga
Analytics,_ga_
Analytics,_gid
Analytics,_gat
Analytics,_dc_gtm_
Analytics,AMP_TOKEN
Analytics,_gat_gtag_
Marketing,_gac_
Analytics,__utma
Analytics,__utmt
Analytics,__utmb
Analytics,__utmc
Analytics,__utmz
Analytics,__utmv
Analytics,__utmx
Analytics,__utmxx
Functional,_GRECAPTCHA
Analytics,S1
Analytics,C1
Analytics,s_cc
Analytics,s_sq
Analytics,s_vi
Analytics,s_fid
Analytics,fid
Marketing,demdex
Marketing,dextp
Marketing,dst
Marketing,_dp
Marketing,aam_uuid
Marketing,AMCV_
Marketing,AMCVS_
Marketing,mbox
Functional,at_check
Functional,renderid
Analytics,s_ppv
Analytics,s_tp
Marketing,TPC
Marketing,C
Marketing,uid
Marketing,cid
Marketing,GCM
Marketing,CM
Marketing,CM14
Marketing,token
Marketing,otsid
Marketing,adtrc
Marketing,SR<RotatorID>
Marketing,CT<TrackingSetupID>
Marketing,EBFCD<BannerID>
Marketing,EBFC<BannerID>
Marketing,CFFC<TagID>
Marketing,DigiTrust.v1.identity
Marketing,lu
Marketing,xs
Marketing,c_user
Marketing,m_user
Marketing,pl
Marketing,dbln
Marketing,aks
Marketing,aksb
Marketing,sfau
Marketing,ick
Marketing,csm
Marketing,s
Marketing,datr
Marketing,sb
Marketing,fr
Marketing,oo
Marketing,ddid
Marketing,locale
Marketing,_fbp
Marketing,_fbc
Marketing,js_ver
Marketing,rc
Marketing,campaign_click_url
Functional,wd
Marketing,IDE
Marketing,DSID
Marketing,ID
Marketing,RUL
Marketing,__gads
Marketing,GoogleAdServingTest
Marketing,fl_inst
Marketing,pvc2
Marketing,pcc2
Marketing,trc
Marketing,tuuid
Marketing,ad2
Marketing,MR
Marketing,MUID
Marketing,MUIDB
Marketing,MC1
Marketing,MSFPC
Marketing,_uetsid
Marketing,_uetvid
Marketing,ANON
Marketing,ANONCHK
Marketing,CC
Functional,PPAuth
Functional,MSPAuth
Functional,MSNRPSAuth
Functional,KievRPSAuth
Functional,WLSSC
Functional,MSPProf
Functional,MC0
Functional,MS0
Marketing,NAP
Marketing,MH
Marketing,childinfo
Marketing,kcdob
Marketing,kcrelid
Marketing,kcru
Marketing,pcfm
Functional,x-ms-gateway-slice
Marketing,ToptOut
Marketing,ACH01
Functional,AADSSO
Functional,brcap
Functional,SRM_B
Functional,buid
Functional,esctx
Functional,fpc
Functional,stsservicecookie
Functional,ARRAffinity
Functional,ARRAffinitySameSite
Functional,__AntiXsrfToken
Functional,.ASPXANONYMOUS
Functional,.ASPXAUTH
Functional,nSGt-
Functional,RpsContextCookie
Functional,ASLBSACORS
Functional,ASLBSA
Functional,ASPSESSIONID
Functional,ApplicationGatewayAffinity
Functional,ApplicationGatewayAffinityCORS
Functional,VisitorStorageGuid
Functional,ai_session
Functional,ai_user
Functional,AADNonce.forms
Functional,DcLcid
Analytics,_clck
Analytics,_clsk
Marketing,guest_id
Marketing,personalization_id
Marketing,ct0
Marketing,gt
Analytics,N/A
Analytics,N/A
Analytics,N/A
Analytics,__insp_pad
Analytics,__insp_sid
Analytics,__insp_ref
Analytics,__insp_scpt
Analytics,__insp_nv
Analytics,__insp_wid
Analytics,__insp_uid
Analytics,__insp_dct
Analytics,CTK
Analytics,ctkgen
Analytics,INDEED_CSRF_TOKEN
Analytics,jasx_pool_id
Analytics,pagead/conv/%INTEGER%
Analytics,tv_spot_tracker
Functional,cookie-consent-io
Functional,cookie-consent-io-timestamp
Functional,cookie-consent-io-gdpr
Marketing,GPS
Marketing,VISITOR_INFO1_LIVE
Functional,PREF
Functional,YSC
Marketing,__adm_ui
Marketing,__adm_uiex
Marketing,__adm_usyncc
Functional,__cfduid
Functional,__cfruid
Functional,__cf_bm
Marketing,__uin_bw
Marketing,__uir_bw
Marketing,__uis
Marketing,HAPLB5S
Marketing,_dbefe
Analytics,_hjid
Analytics,_hjIncludedInSample
Analytics,_hjClosedSurveyInvites
Analytics,_hjDonePolls
Analytics,_hjMinimizedPolls
Analytics,_hjDoneTestersWidgets
Analytics,_hjMinimizedTestersWidgets
Analytics,_hjShownFeedbackMessage
Functional,_hjTLDTest
Functional,_hjUserAttributesHash
Analytics,_hjCachedUserAttributes
Functional,_hjLocalStorageTest
Functional,_hjptid
Functional,_hjAbsoluteSessionInProgress
Functional,_hjFirstSeen
Functional,_hjIncludedInPageviewSample
Functional,_hjIncludedInSessionSample
Functional,_hjSession_
Functional,_hjSessionUser_
Marketing,_kuid_
Marketing,_twitter_sess
Marketing,_gcl_au
Marketing,ac_enable_tracking
Functional,ASP.NET_SessionId
Functional,ASP.NET_SessionId_Fallback
Functional,JSESSIONID
Functional,ORA_WWV_APP_
Functional,laravel_session
Functional,PHPSESSID
Functional,XSRF-TOKEN
Marketing,lidc
Marketing,bcookie
Marketing,bscookie
Marketing,trkCode
Marketing,trkInfo
Marketing,li_oatml
Marketing,liap
Marketing,lissc
Marketing,spectroscopyId
Marketing,UserMatchHistory
Functional,lang
Functional,li_gc
Functional,li_rm
Functional,AnalyticsSyncHistory
Functional,GCLB
Functional,AWSALB
Functional,AWSALBCORS
Functional,AWSELBCORS
Functional,AWSELB
Marketing,CMID
Marketing,CMPRO
Marketing,CMPS
Marketing,CMRUM3
Marketing,CMST
Marketing,cookieJartestCookie
Marketing,obuid
Marketing,apnxs
Marketing,criteo
Marketing,mdfrc
Marketing,adrl
Marketing,ttd
Marketing,jpxumaster
Marketing,jpxumatched
Marketing,PUBMDCID
Marketing,PugT
Functional,Kiyohnl
Marketing,id5
Marketing,cip
Marketing,car
Marketing,callback
Marketing,cnac
Marketing,cf
Functional,gdpr
Marketing,UIDR
Marketing,SEUNCY
Marketing,OAID
Marketing,ljt_reader
Marketing,rek_content
Marketing,um
Marketing,umeh
Marketing,BSWtracker
Marketing,_rxuuid
Marketing,AA003
Marketing,ATN
Marketing,tt_viewer
Functional,cfid
Functional,cftoken
Functional,test_cookie
Marketing,gckp
Marketing,um2
Marketing,tuuid_lu
Marketing,uu
Marketing,betweendigital.com
Functional,ss
Marketing,st_csd
Marketing,st_cs
Functional,_gaexp
Marketing,TestIfCookieP
Marketing,pid
Functional,.AspNetCore.Antiforgery.
Marketing,unruly_m
Marketing,KRTBCOOKIE_
Marketing,bdswch
Marketing,csync
Marketing,lidid
Analytics,f5_cspm
Marketing,tluid
Marketing,t_gid
Marketing,__zlcmid
Marketing,i
Marketing,dpm
Functional,__atuvc
Functional,__atuvs
Functional,ssc
Functional,uvc
Functional,loc
Functional,na_id
Functional,na_tc
Functional,ouid
Marketing,DG_HID
Marketing,DG_IID
Marketing,DG_SID
Marketing,DG_UID
Marketing,DG_ZID
Marketing,DG_ZUID
Functional,fonts-loaded
Functional,html-classes
Functional,SNLB2
Functional,lz_last_visit
Functional,lz_userid
Functional,lz_visits
Functional,.secureclient
Functional,.securesession
Functional,.stateflags
Functional,.auth
Marketing,advst_uid_11
Marketing,DISPATCHER
Marketing,DSP_UID
Analytics,picreel_tracker__visited
Analytics,picreel_tracker__first_visit
Analytics,picreel_tracker__page_views
Analytics,picreel_new_price
Analytics,__auc
Analytics,ajs_user_id
Analytics,ajs_anonymous_id
Analytics,ajs_group_id
Marketing,1P_JAR
Functional,CONSENT
Marketing,ads_prefs
Marketing,auth_token
Marketing,csrf_same_site
Marketing,csrf_same_site_set
Marketing,dnt
Marketing,eu_cn
Marketing,external_referer
Marketing,kdt
Marketing,remember_checked_on
Marketing,rweb_optin
Marketing,syndication_guest_id
Marketing,twid
Marketing,tfw_exp
Analytics,__asc
Analytics,__insp_norec_sess
Analytics,__insp_slim
Analytics,__insp_targlpt
Analytics,__insp_targlpu
Functional,__RequestVerificationToken
Analytics,__stid
Marketing,__uin_mm
Marketing,__uir_mm
Marketing,_cc_aud
Marketing,_cc_cc
Marketing,_cc_id
Marketing,ab
Marketing,bkdc
Marketing,bku
Marketing,everest_g_v2
Marketing,mt_misc
Marketing,mt_mop
Marketing,pl_user_id
Marketing,pxrc
Marketing,rlas3
Marketing,TapAd_DID
Marketing,TapAd_TS
Marketing,TDCPM
Marketing,TDID
Marketing,uid-bp-
Marketing,uuidc
Marketing,zc
Marketing,amplitude_id
Functional,csrf-canary
Marketing,3pi
Marketing,am-uid
Marketing,_cc_dc
Marketing,bkpa
Marketing,_ljtrtb_
Marketing,ljtrtb
Marketing,uuid
Functional,_pinterest_cm
Functional,_pinterest_sess
Marketing,_pin_unauth
Marketing,_pinterest_ct_ua
Marketing,sessionFunnelEventLogged
Marketing,_routing_id
Functional,Nop.customer
Functional,NopCommerce.RecentlyViewedProducts
Functional,NOPCOMMERCE.AUTH
Functional,tsrvid
Functional,SEARCH_SAMESITE
Marketing,AID
Marketing,SID
Marketing,HSID
Marketing,APISID
Marketing,SAPISID
Marketing,SSID
Marketing,SIDCC
Marketing,OTZ
Marketing,ANID
Marketing,DV
Marketing,NID
Functional,form_key
Functional,mage-cache-sessid
Functional,mage-cache-storage
Functional,mage-cache-storage-section-invalidation
Functional,mage-messages
Functional,mage-translation-file-version
Functional,mage-translation-storage
Functional,product_data_storage
Functional,recently_compared_product
Functional,recently_compared_product_previous
Functional,recently_viewed_product
Functional,recently_viewed_product_previous
Functional,user_allowed_save_cookie
Functional,external_no_cache
Functional,persistent_shopping_cart
Functional,stf
Functional,pollN
Functional,frontend
Functional,guest-view
Functional,mage-banners-cache-storage
Functional,searchReport-log
Functional,private_content_version
Functional,X-Magento-Vary
Functional,section_data_ids
Functional,private_content_version
Marketing,dsps:
Marketing,TapAd_3WAY_SYNCS
Marketing,_mb
Functional,wordpress_test_cookie
Functional,componentType
Functional,componentStyle
Functional,nrid
Functional,sat_track
Functional,cookieconsent_status
Functional,cookieconsent_page
Marketing,koitk
Marketing,__ss_referrer
Marketing,__ss_tk
Marketing,__ss
Analytics,_pk_id
Analytics,_pk_ref
Analytics,_pk_ses
Analytics,_pk_cvar
Analytics,_pk_hsr
Analytics,_pk_testcookie
Analytics,mtm_consent
Analytics,_wepublishGa
Analytics,_wepublishGa_gid
Functional,OptanonConsent
Marketing,optimizelyEndUserId
Marketing,optimizelyRedirectData
Marketing,optimizelyDomainTestCookie
Marketing,optimizelyOptOut
Functional,wwwchannelme_z_sid
Marketing,app_ts
Marketing,viewer
Marketing,spx_ts
Marketing,adx_ts
Marketing,id_ts
Marketing,euconsent
Functional,SSR-caching
Functional,smSession
Marketing,svSession
Functional,ForceFlashSite
Functional,hs
Functional,bSession
Functional,TS01
Functional,fedops.logger.sessionId
Functional,wixLanguage
Functional,_ab
Functional,_secure_session_id
Functional,Cart
Functional,cart_sig
Functional,cart_ts
Functional,checkout_token
Functional,Secret
Functional,Secure_customer_sig
Functional,storefront_digest
Functional,_shopify_u
Marketing,_tracking_consent
Marketing,_landing_page
Marketing,_orig_referrer
Analytics,_s
Analytics,_shopify_fs
Analytics,_shopify_s
Marketing,_shopify_sa_p
Marketing,_shopify_sa_t
Analytics,_shopify_uniq
Analytics,_shopify_visit
Analytics,_shopify_y
Analytics,_y
Analytics,tracked_start_checkout
Analytics,ki_r
Analytics,ki_t
Analytics,_Brochure_session
Functional,shopify_pay_redirect
Functional,cart_currency
Functional,dynamic_checkout_shown_on_cart
Functional,keep_alive
Functional,__hs_opt_out
Functional,__hs_do_not_track
Functional,__hs_initial_opt_in
Functional,hs_ab_test
Functional,hs-messages-is-open
Functional,hs-messages-hide-welcome-message
Functional,__hsmem
Functional,hs-membership-csrf
Functional,hs_langswitcher_choice
Marketing,__hstc
Marketing,hubspotutk
Marketing,__hssc
Marketing,__hssrc
Marketing,messagesUtk
Functional,renderCtx
Analytics,pctrk
Functional,force-stream
Functional,sfdc-stream
Functional,BrowserId_sec
Functional,force-proxy-stream
Functional,BrowserId
Functional,QCQQ
Functional,sid_Client
Functional,idccsrf
Functional,rsid
Functional,rsid2
Functional,RRetURL
Functional,RRetURL2
Functional,alohaEpt
Functional,clientSrc
Marketing,oinfo
Functional,autocomplete
Functional,inst
Marketing,expid_
Marketing,disco
Functional,oid
Functional,CookieConsentPolicy
Analytics,vuid
Functional,Player
Functional,continuous_play_v3
Functional,__stripe_mid
Functional,__stripe_sid
Functional,m
Functional,_gat_pro
Functional,woocommerce_cart_hash
Functional,woocommerce_items_in_cart
Functional,wp_woocommerce_session_
Functional,woocommerce_recently_viewed
Marketing,edgebucket
Marketing,initref
Functional,incap_ses_
Functional,nlbi_
Functional,visid_incap_
Functional,sp_t
Functional,sp_landing
Marketing,anj
Marketing,uuid2
Functional,cc-
Functional,pgid-org-
Functional,SecureSessionID-
Functional,CMSCsrfCookie
Functional,CMSCookieLevel
Analytics,CMSLandingPageLoaded
Functional,CMSPreferredCulture
Analytics,CMSUserPage
Analytics,CurrentContact
Analytics,VisitorStatus
Marketing,sc_at
Marketing,_scid
Functional,X-AB
Functional,_vwo_uuid_v2
Functional,_vis_opt_s
Functional,_vis_opt_test_cookie
Functional,_vis_opt_exp_
Functional,zc_consent
Functional,ZCAMPAIGN_CSRF_TOKEN
Marketing,zc_show
Functional,zc_cu_exp
Marketing,zc_loc
Functional,wa_ul
Functional,wa_lang_pref
Marketing,pa_rubicon_ts
Marketing,pa_google_ts
Marketing,pa_twitter_ts
Marketing,pa_yahoo_ts
Marketing,pa_openx_ts
Marketing,pa_uid
Marketing,mailmunch_second_pageview
Marketing,_mailmunch_visitor_id
Analytics,tk_ai
Marketing,tPHG-PS
Marketing,digitalAudience
Functional,has_js
Marketing,_omappvs
Marketing,_omappvp
Marketing,_lfa
Marketing,SnapABugHistory
Functional,SnapABugUserAlias
Functional,SnapABugVisit
Marketing,SnapABugRef
Marketing,audience
Functional,yith_wcwl_session_
Marketing,A3
Marketing,APID
Marketing,APIDTS
Marketing,IDSYNC
Functional,INGRESSCOOKIE
Functional,AlteonP
Marketing,cref
Marketing,mc
Marketing,d
Marketing,iutk
Functional,cookielawinfo-checkbox-necessary
Functional,cookielawinfo-checkbox-non-necessary
Functional,viewed_cookie_policy
Functional,cookielawinfo-checkbox-marketing
Functional,cookielawinfo-checkbox-analytics
Functional,cookielawinfo-checkbox-performance
Functional,cookielawinfo-checkbox-others
Marketing,__qca
Analytics,stg_traffic_source_priority
Analytics,stg_last_interaction
Analytics,stg_returning_visitor
Analytics,stg_externalReferrer
Functional,__sqra
Functional,__sqrb
Functional,__sqrc
Analytics,nmstat
Analytics,sp
Analytics,_sp_id.
Analytics,_sp_ses.
Functional,AUTH_SESSION_ID
Functional,KC_RESTART
Functional,KC_START
Functional,KEYCLOAK_IDENTITY
Functional,KEYCLOAK_LOCALE
Functional,KEYCLOAK_REMEMBER_ME
Functional,KEYCLOAK_SESSION
Functional,_abck
Functional,CRAFT_CSRF_TOKEN
Functional,CraftSessionId
Functional,ci_session
Functional,__lc_cid
Functional,__lc_cst
Functional,__lc2_cid
Functional,__lc2_cst
Functional,__livechat
Analytics,BVBRANDID
Analytics,BVBRANDSID
Marketing,BVID
Marketing,BVSID
Marketing,_li_id
Marketing,_li_ses
Functional,CAKEPHP
Functional,wp-wpml_current_language
Functional,_flowbox
Marketing,acalltracker
Functional,acalltrackersession
Analytics,acalltrackerreferrer
Functional,excludecalltracking
Marketing,acalltrackernumber
Functional,wordpress_google_apps_login
Functional,ckies_functional
Functional,ckies_necessary
Functional,ckies_performance
Functional,ckies_marketing
Functional,ClickAndChange
Functional,pll_language
Functional,browserupdateorg
Functional,TawkConnectionTime
Analytics,tawkUUID
Functional,TawkCookie
Functional,__tawkuuid
Marketing,stx_user_id
Marketing,dc
Marketing,sqzl_abs
Functional,sqzl_consent
Marketing,sqzl_session_id
Marketing,sqzl_vw
Marketing,sqzllocal
Functional,belco-anonymous-id
Functional,belco-cookies
Analytics,ABTasty
Analytics,ABTastySession
Marketing,BCSessionID
Marketing,BCTempID
Functional,BCPermissionLevel
Marketing,BCReferrerOverrule
Marketing,BCRefusedObjectives
Marketing,BCRevision
Marketing,BCTracking
Marketing,__adal_ca
Marketing,__adal_cw
Marketing,__adal_id
Marketing,__adal_ses
Analytics,Pastease.passive.activated
Analytics,Pastease.passive.chance
Analytics,AFFICHE_W
Marketing,matchadform
Marketing,wfivefivec
Marketing,UserID1
Marketing,arcki2
Analytics,_sn_a
Marketing,_sn_m
Functional,_sn_n
Functional,apbct_antibot
Functional,ct_check_js
Functional,ct_fkp_timestamp
Functional,ct_has_scrolled
Functional,ct_pointer_data
Functional,ct_ps_timestamp
Functional,ct_timezone